[
	{"vin":100,"model":"A4","make":"Audi","price":4500000.00,"qty":5,"color":"Black","logo":"a1.png"},
	{"vin":200,"model":"N3","make":"Nano","price":100000.00,"qty":15,"color":"Yellow","logo":"a5.png"},
	{"vin":300,"model":"X6","make":"BMW","price":5500000.00,"qty":25,"color":"White","logo":"cd1.png"},
	{"vin":400,"model":"A7","make":"Audi","price":9500000.00,"qty":15,"color":"Yellow","logo":"q5.png"},
	{"vin":500,"model":"SLS500","make":"Mers","price":14500000.00,"qty":15,"color":"Red","logo":"x1.png"},
	{"vin":600,"model":"B5","make":"Bentley","price":24500000.00,"qty":5,"color":"Black","logo":"x3.png"},
	{"vin":700,"model":"A1","make":"Audi","price":1500000.00,"qty":5,"color":"Black","logo":"xe.png"},
	{"vin":800,"model":"X2","make":"BMW","price":8500000.00,"qty":2,"color":"White","logo":"cd1.png"},
	{"vin":900,"model":"X5","make":"BMW","price":9500000.00,"qty":5,"color":"Red","logo":"a5.png"}
]