[
	{
		"eid":1,
		"name":{
				"firstName":"Raj",
				"middleName":"Kumar",
				"lastName":"Singh"
		},
		"salary" : {
			"basic":12000,
			"da" : 0.8,
			"ta": 0.5,
			"hra" : 0.40 	
		},
		"email":["raj@gmail.com","raj@msn.com","raj@yahoo.com"],
		"phone":9816161616
	},
	{
		"eid":2,
		"name":{
				"firstName":"Raj",
				"middleName":"Kumar",
				"lastName":"Singh"
		},
		"salary" : {
			"basic":12000,
			"da" : 0.8,
			"ta": 0.5,
			"hra" : 0.40 	
		},
		"email":["raj@gmail.com","raj@msn.com","raj@yahoo.com"],
		"phone":9816161616
	},
	{
		"eid":3,
		"name":{
				"firstName":"Raj",
				"middleName":"Kumar",
				"lastName":"Singh"
		},
		"salary" : {
			"basic":12000,
			"da" : 0.8,
			"ta": 0.5,
			"hra" : 0.40 	
		},
		"email":["raj@gmail.com","raj@msn.com","raj@yahoo.com"],
		"phone":9816161616
	}
] 
